1,Q0,CACM-3127,1,0.23536533650173377,using_stemmed_words
1,Q0,CACM-1461,2,0.2030000725464642,using_stemmed_words
1,Q0,CACM-3068,3,0.16126242772337954,using_stemmed_words
1,Q0,CACM-2311,4,0.15809016736158693,using_stemmed_words
1,Q0,CACM-2796,5,0.14745546211510624,using_stemmed_words
1,Q0,CACM-2319,6,0.14130827395231516,using_stemmed_words
1,Q0,CACM-2379,7,0.14057634847818815,using_stemmed_words
1,Q0,CACM-1755,8,0.1352723510413249,using_stemmed_words
1,Q0,CACM-2740,9,0.13122326296317038,using_stemmed_words
1,Q0,CACM-2629,10,0.13063920035008295,using_stemmed_words
1,Q0,CACM-1591,11,0.12369846628514078,using_stemmed_words
1,Q0,CACM-2955,12,0.1200640885212122,using_stemmed_words
1,Q0,CACM-1680,13,0.12001411315107988,using_stemmed_words
1,Q0,CACM-0379,14,0.12000788561134847,using_stemmed_words
1,Q0,CACM-2246,15,0.11985757832621845,using_stemmed_words
1,Q0,CACM-2735,16,0.11528749473528661,using_stemmed_words
1,Q0,CACM-1462,17,0.11491678581930184,using_stemmed_words
1,Q0,CACM-1938,18,0.11308299440956789,using_stemmed_words
1,Q0,CACM-1657,19,0.11138421979016365,using_stemmed_words
1,Q0,CACM-2984,20,0.10802635422660288,using_stemmed_words
1,Q0,CACM-2345,21,0.10614258312836933,using_stemmed_words
1,Q0,CACM-1033,22,0.10573114926821828,using_stemmed_words
1,Q0,CACM-1749,23,0.10533602230859562,using_stemmed_words
1,Q0,CACM-1912,24,0.10491008461568649,using_stemmed_words
1,Q0,CACM-2597,25,0.10485588891569435,using_stemmed_words
1,Q0,CACM-1334,26,0.1038150056127582,using_stemmed_words
1,Q0,CACM-3089,27,0.10358281535493735,using_stemmed_words
1,Q0,CACM-1304,28,0.1028657031532945,using_stemmed_words
1,Q0,CACM-2632,29,0.10186724694358634,using_stemmed_words
1,Q0,CACM-2599,30,0.10087045098682233,using_stemmed_words
1,Q0,CACM-2407,31,0.10051411165837043,using_stemmed_words
1,Q0,CACM-2690,32,0.09926080462694027,using_stemmed_words
1,Q0,CACM-1719,33,0.09604886919452617,using_stemmed_words
1,Q0,CACM-0190,34,0.09566131905192782,using_stemmed_words
1,Q0,CACM-0017,35,0.09548852639817915,using_stemmed_words
1,Q0,CACM-2482,36,0.09493931893604893,using_stemmed_words
1,Q0,CACM-1236,37,0.09463915081475462,using_stemmed_words
1,Q0,CACM-1750,38,0.09419272590595829,using_stemmed_words
1,Q0,CACM-1930,39,0.09365870054205377,using_stemmed_words
1,Q0,CACM-3025,40,0.0933576287107048,using_stemmed_words
1,Q0,CACM-2840,41,0.09304250680866724,using_stemmed_words
1,Q0,CACM-2087,42,0.09286977819345602,using_stemmed_words
1,Q0,CACM-2853,43,0.09286977819345602,using_stemmed_words
1,Q0,CACM-2317,44,0.09180309625083294,using_stemmed_words
1,Q0,CACM-2111,45,0.09109733028969855,using_stemmed_words
1,Q0,CACM-2151,46,0.09087427538691643,using_stemmed_words
1,Q0,CACM-0437,47,0.09073695383173015,using_stemmed_words
1,Q0,CACM-2080,48,0.09034742786074382,using_stemmed_words
1,Q0,CACM-2747,49,0.09003470190885735,using_stemmed_words
1,Q0,CACM-2798,50,0.08969135276848261,using_stemmed_words
1,Q0,CACM-1519,51,0.08965451441666902,using_stemmed_words
1,Q0,CACM-2424,52,0.08959175956215613,using_stemmed_words
1,Q0,CACM-2541,53,0.08831069766162784,using_stemmed_words
1,Q0,CACM-1472,54,0.08808955203886006,using_stemmed_words
1,Q0,CACM-2405,55,0.08725129021462688,using_stemmed_words
1,Q0,CACM-1071,56,0.08714467775597726,using_stemmed_words
1,Q0,CACM-1168,57,0.08702307142792956,using_stemmed_words
1,Q0,CACM-3012,58,0.08694389093970752,using_stemmed_words
1,Q0,CACM-3137,59,0.08592993866804105,using_stemmed_words
1,Q0,CACM-2153,60,0.08589313889581927,using_stemmed_words
1,Q0,CACM-1484,61,0.08558925510710552,using_stemmed_words
1,Q0,CACM-2372,62,0.0852401890346466,using_stemmed_words
1,Q0,CACM-2371,63,0.08474693805881835,using_stemmed_words
1,Q0,CACM-2689,64,0.08468929326686925,using_stemmed_words
1,Q0,CACM-0294,65,0.08448437516611461,using_stemmed_words
1,Q0,CACM-0398,66,0.08407108622645076,using_stemmed_words
1,Q0,CACM-2555,67,0.0839485634391731,using_stemmed_words
1,Q0,CACM-1045,68,0.08393460098214935,using_stemmed_words
1,Q0,CACM-2126,69,0.08391699565156667,using_stemmed_words
1,Q0,CACM-2542,70,0.08364654962228842,using_stemmed_words
1,Q0,CACM-2357,71,0.0832900290478498,using_stemmed_words
1,Q0,CACM-2868,72,0.08311053014475478,using_stemmed_words
1,Q0,CACM-1247,73,0.08291476920520154,using_stemmed_words
1,Q0,CACM-3174,74,0.08185405446087633,using_stemmed_words
1,Q0,CACM-3180,75,0.08184340501831189,using_stemmed_words
1,Q0,CACM-2105,76,0.08174048115230259,using_stemmed_words
1,Q0,CACM-3196,77,0.08166676534486005,using_stemmed_words
1,Q0,CACM-1747,78,0.08128807709085133,using_stemmed_words
1,Q0,CACM-1226,79,0.08128580388310203,using_stemmed_words
1,Q0,CACM-2867,80,0.08122296471425677,using_stemmed_words
1,Q0,CACM-2741,81,0.08110701520710847,using_stemmed_words
1,Q0,CACM-1533,82,0.08065661229899297,using_stemmed_words
1,Q0,CACM-1683,83,0.07994639860199258,using_stemmed_words
1,Q0,CACM-0025,84,0.07981858742063826,using_stemmed_words
1,Q0,CACM-0197,85,0.07981858742063826,using_stemmed_words
1,Q0,CACM-0202,86,0.07980777257609745,using_stemmed_words
1,Q0,CACM-1959,87,0.07949355055277733,using_stemmed_words
1,Q0,CACM-2948,88,0.07940717827345416,using_stemmed_words
1,Q0,CACM-2479,89,0.07936456229783113,using_stemmed_words
1,Q0,CACM-3090,90,0.07935950701480171,using_stemmed_words
1,Q0,CACM-1544,91,0.07930850512841892,using_stemmed_words
1,Q0,CACM-0215,92,0.07894661188709022,using_stemmed_words
1,Q0,CACM-2435,93,0.07891749325579568,using_stemmed_words
1,Q0,CACM-2624,94,0.07866837027915036,using_stemmed_words
1,Q0,CACM-2681,95,0.07845887949366719,using_stemmed_words
1,Q0,CACM-2920,96,0.07845592988481408,using_stemmed_words
1,Q0,CACM-0103,97,0.07839912611100057,using_stemmed_words
1,Q0,CACM-1034,98,0.07816258271523938,using_stemmed_words
1,Q0,CACM-1534,99,0.07737929936066404,using_stemmed_words
1,Q0,CACM-2522,100,0.07680003645929609,using_stemmed_words
2,Q0,CACM-1795,1,0.24277773433014954,using_stemmed_words
2,Q0,CACM-2748,2,0.22180937348182306,using_stemmed_words
2,Q0,CACM-2491,3,0.2111859660645542,using_stemmed_words
2,Q0,CACM-2495,4,0.20141383204349794,using_stemmed_words
2,Q0,CACM-2897,5,0.18752410263276037,using_stemmed_words
2,Q0,CACM-2464,6,0.1816501132416604,using_stemmed_words
2,Q0,CACM-2530,7,0.17321843504167775,using_stemmed_words
2,Q0,CACM-0797,8,0.14530121245951613,using_stemmed_words
2,Q0,CACM-2346,9,0.14094829255823005,using_stemmed_words
2,Q0,CACM-2586,10,0.13771943665412814,using_stemmed_words
2,Q0,CACM-0066,11,0.1356863377411231,using_stemmed_words
2,Q0,CACM-1289,12,0.13008998020072793,using_stemmed_words
2,Q0,CACM-2006,13,0.12701091800359948,using_stemmed_words
2,Q0,CACM-1999,14,0.12573954368398432,using_stemmed_words
2,Q0,CACM-1231,15,0.1256365326216953,using_stemmed_words
2,Q0,CACM-0230,16,0.12361661628563185,using_stemmed_words
2,Q0,CACM-1064,17,0.12361661628563185,using_stemmed_words
2,Q0,CACM-2611,18,0.11694453450364008,using_stemmed_words
2,Q0,CACM-2729,19,0.11547619800910018,using_stemmed_words
2,Q0,CACM-1947,20,0.11399261698005383,using_stemmed_words
2,Q0,CACM-1362,21,0.11350014745289973,using_stemmed_words
2,Q0,CACM-1566,22,0.11247845060047165,using_stemmed_words
2,Q0,CACM-0120,23,0.11242425785007551,using_stemmed_words
2,Q0,CACM-1414,24,0.11209404179128189,using_stemmed_words
2,Q0,CACM-0405,25,0.11178044420014749,using_stemmed_words
2,Q0,CACM-0048,26,0.10719495923384652,using_stemmed_words
2,Q0,CACM-2559,27,0.10629300119273936,using_stemmed_words
2,Q0,CACM-3099,28,0.1061229334952549,using_stemmed_words
2,Q0,CACM-0115,29,0.10564046578701154,using_stemmed_words
2,Q0,CACM-0267,30,0.10541060322731734,using_stemmed_words
2,Q0,CACM-2964,31,0.1027557828243931,using_stemmed_words
2,Q0,CACM-1311,32,0.10244358814239075,using_stemmed_words
2,Q0,CACM-0031,33,0.0993530444319676,using_stemmed_words
2,Q0,CACM-0461,34,0.09897643049066751,using_stemmed_words
2,Q0,CACM-1275,35,0.09897643049066751,using_stemmed_words
2,Q0,CACM-3129,36,0.09852858300981762,using_stemmed_words
2,Q0,CACM-1652,37,0.09740157125868458,using_stemmed_words
2,Q0,CACM-1992,38,0.09691278424062243,using_stemmed_words
2,Q0,CACM-2888,39,0.09641818194926605,using_stemmed_words
2,Q0,CACM-1204,40,0.09585662934317563,using_stemmed_words
2,Q0,CACM-2834,41,0.09496164403911872,using_stemmed_words
2,Q0,CACM-2680,42,0.09484549644131214,using_stemmed_words
2,Q0,CACM-2397,43,0.09420980275283472,using_stemmed_words
2,Q0,CACM-0101,44,0.09386611011689477,using_stemmed_words
2,Q0,CACM-0195,45,0.09386611011689477,using_stemmed_words
2,Q0,CACM-2863,46,0.09353248002654314,using_stemmed_words
2,Q0,CACM-1352,47,0.09287593676707559,using_stemmed_words
2,Q0,CACM-1655,48,0.09255133948619482,using_stemmed_words
2,Q0,CACM-0243,49,0.09247793941815878,using_stemmed_words
2,Q0,CACM-1901,50,0.09185273569491591,using_stemmed_words
2,Q0,CACM-2856,51,0.09184942886774412,using_stemmed_words
2,Q0,CACM-2015,52,0.09160030562891223,using_stemmed_words
2,Q0,CACM-2078,53,0.09073300885268701,using_stemmed_words
2,Q0,CACM-2835,54,0.09014848974764801,using_stemmed_words
2,Q0,CACM-0622,55,0.08987479665434249,using_stemmed_words
2,Q0,CACM-2585,56,0.08966206427560379,using_stemmed_words
2,Q0,CACM-2745,57,0.0891313349360586,using_stemmed_words
2,Q0,CACM-0113,58,0.08895201467529276,using_stemmed_words
2,Q0,CACM-1095,59,0.08860270209050997,using_stemmed_words
2,Q0,CACM-2711,60,0.08854660728276696,using_stemmed_words
2,Q0,CACM-3080,61,0.08843021598471783,using_stemmed_words
2,Q0,CACM-3169,62,0.08783898390649318,using_stemmed_words
2,Q0,CACM-0626,63,0.08684243298168073,using_stemmed_words
2,Q0,CACM-0753,64,0.0866370470409408,using_stemmed_words
2,Q0,CACM-2690,65,0.08535729378150328,using_stemmed_words
2,Q0,CACM-2885,66,0.08485926956946607,using_stemmed_words
2,Q0,CACM-0233,67,0.08452570327847608,using_stemmed_words
2,Q0,CACM-0337,68,0.08452570327847608,using_stemmed_words
2,Q0,CACM-2079,69,0.08452570327847608,using_stemmed_words
2,Q0,CACM-2648,70,0.08309599205016198,using_stemmed_words
2,Q0,CACM-1973,71,0.08202595792648543,using_stemmed_words
2,Q0,CACM-0265,72,0.08122933645804814,using_stemmed_words
2,Q0,CACM-2533,73,0.08058085534349758,using_stemmed_words
2,Q0,CACM-0018,74,0.08051813066720472,using_stemmed_words
2,Q0,CACM-2819,75,0.08022084336750901,using_stemmed_words
2,Q0,CACM-1065,76,0.07986146163609056,using_stemmed_words
2,Q0,CACM-2853,77,0.07986146163609056,using_stemmed_words
2,Q0,CACM-1431,78,0.07984495717694513,using_stemmed_words
2,Q0,CACM-3113,79,0.07917936840697988,using_stemmed_words
2,Q0,CACM-0124,80,0.07912352331397836,using_stemmed_words
2,Q0,CACM-1369,81,0.07862162137544187,using_stemmed_words
2,Q0,CACM-0052,82,0.07827001200417899,using_stemmed_words
2,Q0,CACM-2290,83,0.07824729177659348,using_stemmed_words
2,Q0,CACM-0164,84,0.07817153974646888,using_stemmed_words
2,Q0,CACM-1756,85,0.07816249207167257,using_stemmed_words
2,Q0,CACM-2462,86,0.07791974613786841,using_stemmed_words
2,Q0,CACM-2929,87,0.07746870483955379,using_stemmed_words
2,Q0,CACM-3126,88,0.07724534925562161,using_stemmed_words
2,Q0,CACM-0114,89,0.07687267089062755,using_stemmed_words
2,Q0,CACM-1187,90,0.07687267089062755,using_stemmed_words
2,Q0,CACM-0675,91,0.07676495536436422,using_stemmed_words
2,Q0,CACM-1932,92,0.07674479426304759,using_stemmed_words
2,Q0,CACM-2339,93,0.0764909825197872,using_stemmed_words
2,Q0,CACM-2537,94,0.07583925316180333,using_stemmed_words
2,Q0,CACM-0149,95,0.07582861550618729,using_stemmed_words
2,Q0,CACM-2797,96,0.07476386965348067,using_stemmed_words
2,Q0,CACM-2389,97,0.07395564175434187,using_stemmed_words
2,Q0,CACM-1444,98,0.0738667489157741,using_stemmed_words
2,Q0,CACM-3171,99,0.07361616805283529,using_stemmed_words
2,Q0,CACM-2716,100,0.07357155179039129,using_stemmed_words
3,Q0,CACM-2664,1,0.19044069362321098,using_stemmed_words
3,Q0,CACM-0141,2,0.17503687780844368,using_stemmed_words
3,Q0,CACM-2714,3,0.16561788610763037,using_stemmed_words
3,Q0,CACM-2973,4,0.16336684654774355,using_stemmed_words
3,Q0,CACM-1302,5,0.15844095550175832,using_stemmed_words
3,Q0,CACM-0392,6,0.15793061094330027,using_stemmed_words
3,Q0,CACM-0199,7,0.15570142935893344,using_stemmed_words
3,Q0,CACM-2685,8,0.14926693476539227,using_stemmed_words
3,Q0,CACM-0371,9,0.14705006053290534,using_stemmed_words
3,Q0,CACM-2266,10,0.14445929310679229,using_stemmed_words
3,Q0,CACM-1158,11,0.1388736910480761,using_stemmed_words
3,Q0,CACM-2430,12,0.13596746399754076,using_stemmed_words
3,Q0,CACM-1559,13,0.13269703403262617,using_stemmed_words
3,Q0,CACM-2509,14,0.13246471603635365,using_stemmed_words
3,Q0,CACM-2785,15,0.13210746591318728,using_stemmed_words
3,Q0,CACM-1262,16,0.13204031140935496,using_stemmed_words
3,Q0,CACM-0950,17,0.12896626492202867,using_stemmed_words
3,Q0,CACM-1539,18,0.12836655163043578,using_stemmed_words
3,Q0,CACM-3075,19,0.12348065932970255,using_stemmed_words
3,Q0,CACM-2433,20,0.12231190301068762,using_stemmed_words
3,Q0,CACM-1367,21,0.11894089599558495,using_stemmed_words
3,Q0,CACM-2660,22,0.11872453908658818,using_stemmed_words
3,Q0,CACM-2700,23,0.11698539421389806,using_stemmed_words
3,Q0,CACM-3156,24,0.11654420543179198,using_stemmed_words
3,Q0,CACM-1560,25,0.11525227687331349,using_stemmed_words
3,Q0,CACM-1990,26,0.11494233375872534,using_stemmed_words
3,Q0,CACM-2348,27,0.11494233375872534,using_stemmed_words
3,Q0,CACM-2896,28,0.11494070051363994,using_stemmed_words
3,Q0,CACM-1828,29,0.11113690588387093,using_stemmed_words
3,Q0,CACM-2510,30,0.11046601393932769,using_stemmed_words
3,Q0,CACM-2417,31,0.1101930144166703,using_stemmed_words
3,Q0,CACM-2182,32,0.10729448218219977,using_stemmed_words
3,Q0,CACM-1795,33,0.1041023878174032,using_stemmed_words
3,Q0,CACM-2090,34,0.10409954922195984,using_stemmed_words
3,Q0,CACM-1601,35,0.10112683363719958,using_stemmed_words
3,Q0,CACM-2472,36,0.09455361617476803,using_stemmed_words
3,Q0,CACM-1811,37,0.09449356564745615,using_stemmed_words
3,Q0,CACM-1613,38,0.09362715488187816,using_stemmed_words
3,Q0,CACM-2042,39,0.09345939935314797,using_stemmed_words
3,Q0,CACM-2630,40,0.09218801795591737,using_stemmed_words
3,Q0,CACM-2120,41,0.09146690810782737,using_stemmed_words
3,Q0,CACM-2419,42,0.09131175019034189,using_stemmed_words
3,Q0,CACM-2146,43,0.09031304837442254,using_stemmed_words
3,Q0,CACM-2952,44,0.08768847419903485,using_stemmed_words
3,Q0,CACM-0802,45,0.08759832581062175,using_stemmed_words
3,Q0,CACM-2557,46,0.08690772246452261,using_stemmed_words
3,Q0,CACM-2520,47,0.08649537193667207,using_stemmed_words
3,Q0,CACM-1842,48,0.0855777010869572,using_stemmed_words
3,Q0,CACM-1967,49,0.0855777010869572,using_stemmed_words
3,Q0,CACM-2884,50,0.08473973326512098,using_stemmed_words
3,Q0,CACM-0127,51,0.0826820475451927,using_stemmed_words
3,Q0,CACM-0227,52,0.0826820475451927,using_stemmed_words
3,Q0,CACM-0305,53,0.0826820475451927,using_stemmed_words
3,Q0,CACM-0306,54,0.0826820475451927,using_stemmed_words
3,Q0,CACM-0427,55,0.0826820475451927,using_stemmed_words
3,Q0,CACM-0473,56,0.0826820475451927,using_stemmed_words
3,Q0,CACM-0487,57,0.0826820475451927,using_stemmed_words
3,Q0,CACM-0565,58,0.0826820475451927,using_stemmed_words
3,Q0,CACM-0577,59,0.0826820475451927,using_stemmed_words
3,Q0,CACM-0579,60,0.0826820475451927,using_stemmed_words
3,Q0,CACM-0663,61,0.0826820475451927,using_stemmed_words
3,Q0,CACM-0686,62,0.0826820475451927,using_stemmed_words
3,Q0,CACM-0709,63,0.0826820475451927,using_stemmed_words
3,Q0,CACM-0714,64,0.0826820475451927,using_stemmed_words
3,Q0,CACM-0716,65,0.0826820475451927,using_stemmed_words
3,Q0,CACM-0743,66,0.0826820475451927,using_stemmed_words
3,Q0,CACM-0774,67,0.0826820475451927,using_stemmed_words
3,Q0,CACM-0783,68,0.0826820475451927,using_stemmed_words
3,Q0,CACM-0790,69,0.0826820475451927,using_stemmed_words
3,Q0,CACM-0924,70,0.0826820475451927,using_stemmed_words
3,Q0,CACM-0926,71,0.0826820475451927,using_stemmed_words
3,Q0,CACM-0938,72,0.0826820475451927,using_stemmed_words
3,Q0,CACM-1074,73,0.0826820475451927,using_stemmed_words
3,Q0,CACM-2007,74,0.0826820475451927,using_stemmed_words
3,Q0,CACM-2237,75,0.0826820475451927,using_stemmed_words
3,Q0,CACM-2511,76,0.0826820475451927,using_stemmed_words
3,Q0,CACM-0817,77,0.08222624270222018,using_stemmed_words
3,Q0,CACM-0843,78,0.08222624270222018,using_stemmed_words
3,Q0,CACM-1125,79,0.08222624270222018,using_stemmed_words
3,Q0,CACM-2590,80,0.08222624270222018,using_stemmed_words
3,Q0,CACM-1863,81,0.08040037328273528,using_stemmed_words
3,Q0,CACM-2335,82,0.08040037328273528,using_stemmed_words
3,Q0,CACM-2401,83,0.07960553823917754,using_stemmed_words
3,Q0,CACM-1729,84,0.07803954273865685,using_stemmed_words
3,Q0,CACM-1954,85,0.07803954273865685,using_stemmed_words
3,Q0,CACM-1919,86,0.07794310951553975,using_stemmed_words
3,Q0,CACM-1980,87,0.07794310951553975,using_stemmed_words
3,Q0,CACM-2043,88,0.07794310951553975,using_stemmed_words
3,Q0,CACM-2223,89,0.07794310951553975,using_stemmed_words
3,Q0,CACM-2464,90,0.07794310951553975,using_stemmed_words
3,Q0,CACM-0029,91,0.07785071467946672,using_stemmed_words
3,Q0,CACM-0132,92,0.07785071467946672,using_stemmed_words
3,Q0,CACM-0178,93,0.07785071467946672,using_stemmed_words
3,Q0,CACM-0212,94,0.07785071467946672,using_stemmed_words
3,Q0,CACM-0228,95,0.07785071467946672,using_stemmed_words
3,Q0,CACM-0255,96,0.07785071467946672,using_stemmed_words
3,Q0,CACM-0302,97,0.07785071467946672,using_stemmed_words
3,Q0,CACM-0326,98,0.07785071467946672,using_stemmed_words
3,Q0,CACM-0328,99,0.07785071467946672,using_stemmed_words
3,Q0,CACM-0340,100,0.07785071467946672,using_stemmed_words
4,Q0,CACM-1778,1,0.2354132926607052,using_stemmed_words
4,Q0,CACM-2212,2,0.22951930616394417,using_stemmed_words
4,Q0,CACM-1733,3,0.2197528563449093,using_stemmed_words
4,Q0,CACM-1941,4,0.2194044119039805,using_stemmed_words
4,Q0,CACM-2549,5,0.21285909322215038,using_stemmed_words
4,Q0,CACM-1944,6,0.1829835755808263,using_stemmed_words
4,Q0,CACM-2090,7,0.1787330841141774,using_stemmed_words
4,Q0,CACM-0371,8,0.17776832665317877,using_stemmed_words
4,Q0,CACM-2276,9,0.17492262044967652,using_stemmed_words
4,Q0,CACM-1894,10,0.17355706182299446,using_stemmed_words
4,Q0,CACM-2427,11,0.1727556102688746,using_stemmed_words
4,Q0,CACM-1716,12,0.1689534743211515,using_stemmed_words
4,Q0,CACM-2914,13,0.16640757505662676,using_stemmed_words
4,Q0,CACM-2649,14,0.15351125880764663,using_stemmed_words
4,Q0,CACM-2975,15,0.15329102345626186,using_stemmed_words
4,Q0,CACM-0711,16,0.1528719257570728,using_stemmed_words
4,Q0,CACM-1431,17,0.1508379778449555,using_stemmed_words
4,Q0,CACM-2032,18,0.14717134140303156,using_stemmed_words
4,Q0,CACM-2123,19,0.1461021319713199,using_stemmed_words
4,Q0,CACM-1081,20,0.14486874726617524,using_stemmed_words
4,Q0,CACM-1569,21,0.14361787748836596,using_stemmed_words
4,Q0,CACM-2454,22,0.13902247773293835,using_stemmed_words
4,Q0,CACM-2098,23,0.1377781758119847,using_stemmed_words
4,Q0,CACM-1987,24,0.13735230099681983,using_stemmed_words
4,Q0,CACM-1659,25,0.13729594732910347,using_stemmed_words
4,Q0,CACM-2250,26,0.13624316911580864,using_stemmed_words
4,Q0,CACM-2565,27,0.13359912169494753,using_stemmed_words
4,Q0,CACM-2259,28,0.12989347149075806,using_stemmed_words
4,Q0,CACM-1714,29,0.12975024779036173,using_stemmed_words
4,Q0,CACM-2325,30,0.12564278399173495,using_stemmed_words
4,Q0,CACM-2607,31,0.1228077540302702,using_stemmed_words
4,Q0,CACM-2057,32,0.11991447707785326,using_stemmed_words
4,Q0,CACM-1157,33,0.11977247106422818,using_stemmed_words
4,Q0,CACM-1583,34,0.11977247106422818,using_stemmed_words
4,Q0,CACM-2504,35,0.11958802239590284,using_stemmed_words
4,Q0,CACM-1918,36,0.11945037198097648,using_stemmed_words
4,Q0,CACM-3148,37,0.11858481992749373,using_stemmed_words
4,Q0,CACM-2685,38,0.11642401903127053,using_stemmed_words
4,Q0,CACM-2756,39,0.11521582372572918,using_stemmed_words
4,Q0,CACM-2313,40,0.11477563610299174,using_stemmed_words
4,Q0,CACM-2349,41,0.11397463307794564,using_stemmed_words
4,Q0,CACM-2949,42,0.11377898157230822,using_stemmed_words
4,Q0,CACM-0758,43,0.11353882276414062,using_stemmed_words
4,Q0,CACM-1663,44,0.11284396654095741,using_stemmed_words
4,Q0,CACM-2478,45,0.11251186317350764,using_stemmed_words
4,Q0,CACM-2004,46,0.1106962125941848,using_stemmed_words
4,Q0,CACM-0057,47,0.11025996744779881,using_stemmed_words
4,Q0,CACM-2594,48,0.10908765131988091,using_stemmed_words
4,Q0,CACM-2675,49,0.10831958680014411,using_stemmed_words
4,Q0,CACM-1951,50,0.10619854777768255,using_stemmed_words
4,Q0,CACM-1584,51,0.10599327210906173,using_stemmed_words
4,Q0,CACM-2954,52,0.10543735609254633,using_stemmed_words
4,Q0,CACM-3082,53,0.10462499193699352,using_stemmed_words
4,Q0,CACM-2709,54,0.10444552467579077,using_stemmed_words
4,Q0,CACM-2589,55,0.10402009997348516,using_stemmed_words
4,Q0,CACM-1107,56,0.10330932000436611,using_stemmed_words
4,Q0,CACM-2417,57,0.10145207417989549,using_stemmed_words
4,Q0,CACM-2433,58,0.10095855851746392,using_stemmed_words
4,Q0,CACM-1771,59,0.10055279494972931,using_stemmed_words
4,Q0,CACM-2329,60,0.10041932601951008,using_stemmed_words
4,Q0,CACM-0199,61,0.09847423034360805,using_stemmed_words
4,Q0,CACM-1779,62,0.09844107605971948,using_stemmed_words
4,Q0,CACM-0004,63,0.09808370939711734,using_stemmed_words
4,Q0,CACM-0007,64,0.09808370939711734,using_stemmed_words
4,Q0,CACM-0010,65,0.09808370939711734,using_stemmed_words
4,Q0,CACM-0013,66,0.09808370939711734,using_stemmed_words
4,Q0,CACM-0019,67,0.09808370939711734,using_stemmed_words
4,Q0,CACM-3130,68,0.09791406383102721,using_stemmed_words
4,Q0,CACM-0657,69,0.097711927981957,using_stemmed_words
4,Q0,CACM-2849,70,0.09770728194566805,using_stemmed_words
4,Q0,CACM-0855,71,0.09729857865820983,using_stemmed_words
4,Q0,CACM-0241,72,0.09716943404511454,using_stemmed_words
4,Q0,CACM-1269,73,0.09685305745378209,using_stemmed_words
4,Q0,CACM-1050,74,0.09577016108271585,using_stemmed_words
4,Q0,CACM-2426,75,0.09566098177939947,using_stemmed_words
4,Q0,CACM-0168,76,0.09467723122624788,using_stemmed_words
4,Q0,CACM-2485,77,0.09459317875674024,using_stemmed_words
4,Q0,CACM-2255,78,0.09447176852408867,using_stemmed_words
4,Q0,CACM-2813,79,0.09441662858885255,using_stemmed_words
4,Q0,CACM-2209,80,0.0939327671613932,using_stemmed_words
4,Q0,CACM-2481,81,0.09372574238675774,using_stemmed_words
4,Q0,CACM-3043,82,0.09353371801574223,using_stemmed_words
4,Q0,CACM-2578,83,0.09352196401565412,using_stemmed_words
4,Q0,CACM-2969,84,0.09349481289564329,using_stemmed_words
4,Q0,CACM-1678,85,0.09331899646482682,using_stemmed_words
4,Q0,CACM-0121,86,0.09294881344112695,using_stemmed_words
4,Q0,CACM-0627,87,0.09253585044817504,using_stemmed_words
4,Q0,CACM-2941,88,0.0924098771204965,using_stemmed_words
4,Q0,CACM-1920,89,0.09174675803548173,using_stemmed_words
4,Q0,CACM-0357,90,0.09170705812916521,using_stemmed_words
4,Q0,CACM-0862,91,0.0909363666255495,using_stemmed_words
4,Q0,CACM-3137,92,0.08999440208095488,using_stemmed_words
4,Q0,CACM-1275,93,0.0899193620683955,using_stemmed_words
4,Q0,CACM-2261,94,0.08960392174805436,using_stemmed_words
4,Q0,CACM-3135,95,0.08960263120305333,using_stemmed_words
4,Q0,CACM-2457,96,0.08957480339625662,using_stemmed_words
4,Q0,CACM-2553,97,0.08862568700589694,using_stemmed_words
4,Q0,CACM-1972,98,0.08848385843311973,using_stemmed_words
4,Q0,CACM-2406,99,0.0883911215809369,using_stemmed_words
4,Q0,CACM-2187,100,0.08833904359728792,using_stemmed_words
5,Q0,CACM-0268,1,0.1807186862738447,using_stemmed_words
5,Q0,CACM-1696,2,0.15362546232364613,using_stemmed_words
5,Q0,CACM-2727,3,0.13357609019676642,using_stemmed_words
5,Q0,CACM-0987,4,0.13170194015158568,using_stemmed_words
5,Q0,CACM-2080,5,0.11429239185437344,using_stemmed_words
5,Q0,CACM-3043,6,0.11149456016798688,using_stemmed_words
5,Q0,CACM-2999,7,0.10971119277194682,using_stemmed_words
5,Q0,CACM-2065,8,0.10715100705595658,using_stemmed_words
5,Q0,CACM-0293,9,0.10250868336978838,using_stemmed_words
5,Q0,CACM-0927,10,0.09464611149973666,using_stemmed_words
5,Q0,CACM-0394,11,0.09456046922276874,using_stemmed_words
5,Q0,CACM-0141,12,0.09000333088430919,using_stemmed_words
5,Q0,CACM-0528,13,0.09000333088430919,using_stemmed_words
5,Q0,CACM-0412,14,0.08964988980413777,using_stemmed_words
5,Q0,CACM-2376,15,0.08163791671113149,using_stemmed_words
5,Q0,CACM-0198,16,0.08146976752668605,using_stemmed_words
5,Q0,CACM-0597,17,0.08146976752668605,using_stemmed_words
5,Q0,CACM-0392,18,0.08120735019649251,using_stemmed_words
5,Q0,CACM-1588,19,0.08035544215289707,using_stemmed_words
5,Q0,CACM-1251,20,0.07789400083939767,using_stemmed_words
5,Q0,CACM-1233,21,0.07458631062282584,using_stemmed_words
5,Q0,CACM-2844,22,0.07451095183839501,using_stemmed_words
5,Q0,CACM-0208,23,0.07441164189967446,using_stemmed_words
5,Q0,CACM-0493,24,0.07441164189967446,using_stemmed_words
5,Q0,CACM-0657,25,0.07441164189967446,using_stemmed_words
5,Q0,CACM-1085,26,0.07421152979189065,using_stemmed_words
5,Q0,CACM-3120,27,0.07357490699209333,using_stemmed_words
5,Q0,CACM-0020,28,0.07328949056059675,using_stemmed_words
5,Q0,CACM-1746,29,0.07240950942221683,using_stemmed_words
5,Q0,CACM-0240,30,0.07132143237719427,using_stemmed_words
5,Q0,CACM-0690,31,0.07132143237719427,using_stemmed_words
5,Q0,CACM-0748,32,0.07132143237719427,using_stemmed_words
5,Q0,CACM-2342,33,0.06697013455199334,using_stemmed_words
5,Q0,CACM-2912,34,0.06696286846074756,using_stemmed_words
5,Q0,CACM-2309,35,0.06588447143215545,using_stemmed_words
5,Q0,CACM-1656,36,0.06585097007579284,using_stemmed_words
5,Q0,CACM-0414,37,0.06347950521782648,using_stemmed_words
5,Q0,CACM-1410,38,0.06344837174211199,using_stemmed_words
5,Q0,CACM-0986,39,0.06341842064901537,using_stemmed_words
5,Q0,CACM-2307,40,0.06310470551484816,using_stemmed_words
5,Q0,CACM-1216,41,0.06138129304848692,using_stemmed_words
5,Q0,CACM-1359,42,0.06132776417149811,using_stemmed_words
5,Q0,CACM-2917,43,0.061047729537265706,using_stemmed_words
5,Q0,CACM-1424,44,0.06011395789334538,using_stemmed_words
5,Q0,CACM-0975,45,0.05905482300598304,using_stemmed_words
5,Q0,CACM-2370,46,0.05714619592718672,using_stemmed_words
5,Q0,CACM-1439,47,0.05713319600942937,using_stemmed_words
5,Q0,CACM-0174,48,0.05709049085446297,using_stemmed_words
5,Q0,CACM-0333,49,0.05709049085446297,using_stemmed_words
5,Q0,CACM-0111,50,0.056641456904237934,using_stemmed_words
5,Q0,CACM-3197,51,0.05617725132136799,using_stemmed_words
5,Q0,CACM-3020,52,0.056087644594970655,using_stemmed_words
5,Q0,CACM-0721,53,0.05529288931763167,using_stemmed_words
5,Q0,CACM-1570,54,0.055291216302273564,using_stemmed_words
5,Q0,CACM-2182,55,0.05517043552658307,using_stemmed_words
5,Q0,CACM-1587,56,0.05470332903282935,using_stemmed_words
5,Q0,CACM-1748,57,0.054596579196252465,using_stemmed_words
5,Q0,CACM-0494,58,0.053529072124048345,using_stemmed_words
5,Q0,CACM-3061,59,0.053529072124048345,using_stemmed_words
5,Q0,CACM-2320,60,0.05234820851611097,using_stemmed_words
5,Q0,CACM-2528,61,0.05184173318988011,using_stemmed_words
5,Q0,CACM-2529,62,0.05184173318988011,using_stemmed_words
5,Q0,CACM-1468,63,0.05175082239470021,using_stemmed_words
5,Q0,CACM-2156,64,0.0503855599717691,using_stemmed_words
5,Q0,CACM-2689,65,0.0503855599717691,using_stemmed_words
5,Q0,CACM-2788,66,0.05032329869016588,using_stemmed_words
5,Q0,CACM-2740,67,0.05012744080639488,using_stemmed_words
5,Q0,CACM-2378,68,0.04955039802874175,using_stemmed_words
5,Q0,CACM-1438,69,0.04923750008521146,using_stemmed_words
5,Q0,CACM-3137,70,0.0489814778216338,using_stemmed_words
5,Q0,CACM-1793,71,0.047590523903078316,using_stemmed_words
5,Q0,CACM-2005,72,0.047590523903078316,using_stemmed_words
5,Q0,CACM-3059,73,0.04754638955885596,using_stemmed_words
5,Q0,CACM-2672,74,0.04753804943412333,using_stemmed_words
5,Q0,CACM-2910,75,0.04753804943412333,using_stemmed_words
5,Q0,CACM-2942,76,0.04753804943412333,using_stemmed_words
5,Q0,CACM-1959,77,0.04729437340000474,using_stemmed_words
5,Q0,CACM-1960,78,0.04718428135688032,using_stemmed_words
5,Q0,CACM-1540,79,0.046373411734167876,using_stemmed_words
5,Q0,CACM-2535,80,0.046352708887736266,using_stemmed_words
5,Q0,CACM-2362,81,0.04630607674187112,using_stemmed_words
5,Q0,CACM-3141,82,0.04592060811872741,using_stemmed_words
5,Q0,CACM-1749,83,0.045509183181299775,using_stemmed_words
5,Q0,CACM-1541,84,0.04511103460192567,using_stemmed_words
5,Q0,CACM-2195,85,0.04488097942921715,using_stemmed_words
5,Q0,CACM-2523,86,0.04463940697202816,using_stemmed_words
5,Q0,CACM-2168,87,0.04395470237698704,using_stemmed_words
5,Q0,CACM-0059,88,0.04393440811307252,using_stemmed_words
5,Q0,CACM-2396,89,0.04376390247851217,using_stemmed_words
5,Q0,CACM-1195,90,0.0435859846686079,using_stemmed_words
5,Q0,CACM-1957,91,0.0435859846686079,using_stemmed_words
5,Q0,CACM-1846,92,0.04329435539194792,using_stemmed_words
5,Q0,CACM-2401,93,0.04312796749433285,using_stemmed_words
5,Q0,CACM-1098,94,0.04307524704726739,using_stemmed_words
5,Q0,CACM-2255,95,0.042837349705631064,using_stemmed_words
5,Q0,CACM-2504,96,0.042837349705631064,using_stemmed_words
5,Q0,CACM-3112,97,0.042683895309209866,using_stemmed_words
5,Q0,CACM-3128,98,0.04259231494256912,using_stemmed_words
5,Q0,CACM-2882,99,0.042490149960172835,using_stemmed_words
5,Q0,CACM-2311,100,0.04180227538559401,using_stemmed_words
6,Q0,CACM-2318,1,0.4009874872273209,using_stemmed_words
6,Q0,CACM-2984,2,0.23570801792645363,using_stemmed_words
6,Q0,CACM-3070,3,0.2337160881156556,using_stemmed_words
6,Q0,CACM-1653,4,0.22722224674672403,using_stemmed_words
6,Q0,CACM-1719,5,0.19008135096075837,using_stemmed_words
6,Q0,CACM-3048,6,0.18899863476735432,using_stemmed_words
6,Q0,CACM-3119,7,0.18163818596911924,using_stemmed_words
6,Q0,CACM-1533,8,0.1809678700112621,using_stemmed_words
6,Q0,CACM-1518,9,0.17885113307019837,using_stemmed_words
6,Q0,CACM-3089,10,0.17194318741399378,using_stemmed_words
6,Q0,CACM-1344,11,0.17062217016793074,using_stemmed_words
6,Q0,CACM-2319,12,0.17000370067544882,using_stemmed_words
6,Q0,CACM-1030,13,0.16946573848545604,using_stemmed_words
6,Q0,CACM-1938,14,0.16336471730192692,using_stemmed_words
6,Q0,CACM-2741,15,0.16319229637116797,using_stemmed_words
6,Q0,CACM-2311,16,0.15846997137670785,using_stemmed_words
6,Q0,CACM-1374,17,0.1548158270702238,using_stemmed_words
6,Q0,CACM-2542,18,0.15448653871133244,using_stemmed_words
6,Q0,CACM-1951,19,0.1524601303320575,using_stemmed_words
6,Q0,CACM-0436,20,0.15242383592094969,using_stemmed_words
6,Q0,CACM-2504,21,0.15111393823824232,using_stemmed_words
6,Q0,CACM-2988,22,0.1502739264104648,using_stemmed_words
6,Q0,CACM-3136,23,0.14974948149407452,using_stemmed_words
6,Q0,CACM-2859,24,0.14940735277233422,using_stemmed_words
6,Q0,CACM-2882,25,0.1478025392980961,using_stemmed_words
6,Q0,CACM-2188,26,0.14751326228069142,using_stemmed_words
6,Q0,CACM-2812,27,0.14538984710685326,using_stemmed_words
6,Q0,CACM-2894,28,0.14420263835888336,using_stemmed_words
6,Q0,CACM-2862,29,0.14372318765771505,using_stemmed_words
6,Q0,CACM-0059,30,0.14320186689672365,using_stemmed_words
6,Q0,CACM-2560,31,0.14127472343673333,using_stemmed_words
6,Q0,CACM-3090,32,0.1407636036967356,using_stemmed_words
6,Q0,CACM-1620,33,0.14027424284078138,using_stemmed_words
6,Q0,CACM-1680,34,0.13749346387055644,using_stemmed_words
6,Q0,CACM-2535,35,0.13698673068119413,using_stemmed_words
6,Q0,CACM-3147,36,0.1356795179832115,using_stemmed_words
6,Q0,CACM-2798,37,0.13523277297255726,using_stemmed_words
6,Q0,CACM-1827,38,0.133604535199765,using_stemmed_words
6,Q0,CACM-3068,39,0.13345867404786288,using_stemmed_words
6,Q0,CACM-1199,40,0.13341073365373673,using_stemmed_words
6,Q0,CACM-3137,41,0.13183899158409526,using_stemmed_words
6,Q0,CACM-0086,42,0.13073919680169105,using_stemmed_words
6,Q0,CACM-2685,43,0.13068169490714462,using_stemmed_words
6,Q0,CACM-1747,44,0.13034569507655944,using_stemmed_words
6,Q0,CACM-0084,45,0.12989494571258636,using_stemmed_words
6,Q0,CACM-2255,46,0.12988682941563698,using_stemmed_words
6,Q0,CACM-2522,47,0.12956867914318612,using_stemmed_words
6,Q0,CACM-2344,48,0.12886742819121136,using_stemmed_words
6,Q0,CACM-1844,49,0.12878585926479943,using_stemmed_words
6,Q0,CACM-1173,50,0.12829940418322366,using_stemmed_words
6,Q0,CACM-1503,51,0.12622771402088295,using_stemmed_words
6,Q0,CACM-3025,52,0.12579750454868308,using_stemmed_words
6,Q0,CACM-1542,53,0.12565861391762198,using_stemmed_words
6,Q0,CACM-2452,54,0.12498002017324707,using_stemmed_words
6,Q0,CACM-2105,55,0.12474498056807472,using_stemmed_words
6,Q0,CACM-1541,56,0.12439612299473511,using_stemmed_words
6,Q0,CACM-2325,57,0.12371464848992077,using_stemmed_words
6,Q0,CACM-2669,58,0.1235453190342335,using_stemmed_words
6,Q0,CACM-1366,59,0.12319580451109298,using_stemmed_words
6,Q0,CACM-2374,60,0.12309928346963042,using_stemmed_words
6,Q0,CACM-2977,61,0.12260180493450061,using_stemmed_words
6,Q0,CACM-1267,62,0.12197473985062851,using_stemmed_words
6,Q0,CACM-1659,63,0.12149930757415574,using_stemmed_words
6,Q0,CACM-1912,64,0.12126829956557705,using_stemmed_words
6,Q0,CACM-1751,65,0.11948307871537207,using_stemmed_words
6,Q0,CACM-3144,66,0.11935919200780302,using_stemmed_words
6,Q0,CACM-2607,67,0.11921578911515592,using_stemmed_words
6,Q0,CACM-2553,68,0.11851921937713802,using_stemmed_words
6,Q0,CACM-2743,69,0.11847083065086952,using_stemmed_words
6,Q0,CACM-1308,70,0.11741014416529193,using_stemmed_words
6,Q0,CACM-2329,71,0.11627981134401925,using_stemmed_words
6,Q0,CACM-2372,72,0.1162529190033493,using_stemmed_words
6,Q0,CACM-1196,73,0.11625184406034937,using_stemmed_words
6,Q0,CACM-2955,74,0.11561759343982202,using_stemmed_words
6,Q0,CACM-3078,75,0.11540610724094544,using_stemmed_words
6,Q0,CACM-3072,76,0.11537353547827214,using_stemmed_words
6,Q0,CACM-2875,77,0.11524521585472323,using_stemmed_words
6,Q0,CACM-1916,78,0.11519901275016586,using_stemmed_words
6,Q0,CACM-1750,79,0.11514175130534603,using_stemmed_words
6,Q0,CACM-1484,80,0.11473432434526,using_stemmed_words
6,Q0,CACM-1536,81,0.11465307451377092,using_stemmed_words
6,Q0,CACM-2874,82,0.11460138847468335,using_stemmed_words
6,Q0,CACM-2948,83,0.11371238645200685,using_stemmed_words
6,Q0,CACM-3012,84,0.11360731290232592,using_stemmed_words
6,Q0,CACM-2111,85,0.11333591355293214,using_stemmed_words
6,Q0,CACM-1591,86,0.1132614835223256,using_stemmed_words
6,Q0,CACM-1471,87,0.11307099526358716,using_stemmed_words
6,Q0,CACM-1032,88,0.11286913651132473,using_stemmed_words
6,Q0,CACM-0004,89,0.11285897831126672,using_stemmed_words
6,Q0,CACM-0007,90,0.11285897831126672,using_stemmed_words
6,Q0,CACM-0010,91,0.11285897831126672,using_stemmed_words
6,Q0,CACM-0013,92,0.11285897831126672,using_stemmed_words
6,Q0,CACM-0019,93,0.11285897831126672,using_stemmed_words
6,Q0,CACM-2387,94,0.11268419034994391,using_stemmed_words
6,Q0,CACM-1474,95,0.11197799196121741,using_stemmed_words
6,Q0,CACM-2502,96,0.11194460765945971,using_stemmed_words
6,Q0,CACM-1261,97,0.11153018238729644,using_stemmed_words
6,Q0,CACM-3011,98,0.11135710101653284,using_stemmed_words
6,Q0,CACM-2681,99,0.11120125841550373,using_stemmed_words
6,Q0,CACM-2151,100,0.11119187298731903,using_stemmed_words
7,Q0,CACM-0634,1,0.21863028206269508,using_stemmed_words
7,Q0,CACM-2278,2,0.21611094169715855,using_stemmed_words
7,Q0,CACM-1811,3,0.1898936504482429,using_stemmed_words
7,Q0,CACM-1927,4,0.1752616070352804,using_stemmed_words
7,Q0,CACM-2288,5,0.17459936399327172,using_stemmed_words
7,Q0,CACM-2664,6,0.1729985037192845,using_stemmed_words
7,Q0,CACM-0275,7,0.15229930463994662,using_stemmed_words
7,Q0,CACM-0651,8,0.15229930463994662,using_stemmed_words
7,Q0,CACM-1457,9,0.15132839568468195,using_stemmed_words
7,Q0,CACM-0891,10,0.14625779647905343,using_stemmed_words
7,Q0,CACM-0657,11,0.14570150702767146,using_stemmed_words
7,Q0,CACM-2070,12,0.14570150702767146,using_stemmed_words
7,Q0,CACM-1830,13,0.14463774827212655,using_stemmed_words
7,Q0,CACM-2973,14,0.1337538514767662,using_stemmed_words
7,Q0,CACM-1699,15,0.1326220634098013,using_stemmed_words
7,Q0,CACM-3134,16,0.13228158758896255,using_stemmed_words
7,Q0,CACM-2714,17,0.1291628129932644,using_stemmed_words
7,Q0,CACM-1746,18,0.1285650757729497,using_stemmed_words
7,Q0,CACM-0082,19,0.12762210491407053,using_stemmed_words
7,Q0,CACM-1613,20,0.12053438030085463,using_stemmed_words
7,Q0,CACM-0239,21,0.11975216848983014,using_stemmed_words
7,Q0,CACM-2530,22,0.11547636131214165,using_stemmed_words
7,Q0,CACM-3075,23,0.11399237833778578,using_stemmed_words
7,Q0,CACM-3156,24,0.11107239160833697,using_stemmed_words
7,Q0,CACM-0141,25,0.11070304167985275,using_stemmed_words
7,Q0,CACM-2140,26,0.11057777879029733,using_stemmed_words
7,Q0,CACM-2575,27,0.10996678682664479,using_stemmed_words
7,Q0,CACM-0652,28,0.10981875832483862,using_stemmed_words
7,Q0,CACM-2965,29,0.10941909981799695,using_stemmed_words
7,Q0,CACM-2976,30,0.10941909981799695,using_stemmed_words
7,Q0,CACM-2882,31,0.10928453960900025,using_stemmed_words
7,Q0,CACM-1825,32,0.10919526884039618,using_stemmed_words
7,Q0,CACM-1681,33,0.10901616667451866,using_stemmed_words
7,Q0,CACM-0292,34,0.1081870168173692,using_stemmed_words
7,Q0,CACM-1262,35,0.10749790511203342,using_stemmed_words
7,Q0,CACM-2723,36,0.10525099793358461,using_stemmed_words
7,Q0,CACM-2532,37,0.10466630321062337,using_stemmed_words
7,Q0,CACM-2345,38,0.10460507115814674,using_stemmed_words
7,Q0,CACM-3168,39,0.10405772494130192,using_stemmed_words
7,Q0,CACM-1367,40,0.1040361045734654,using_stemmed_words
7,Q0,CACM-1032,41,0.10222312068463263,using_stemmed_words
7,Q0,CACM-1601,42,0.10195219722805865,using_stemmed_words
7,Q0,CACM-3169,43,0.10152259403597638,using_stemmed_words
7,Q0,CACM-2519,44,0.1014910093090337,using_stemmed_words
7,Q0,CACM-2896,45,0.10053718393737585,using_stemmed_words
7,Q0,CACM-1302,46,0.10020685880778851,using_stemmed_words
7,Q0,CACM-0392,47,0.09988408856854845,using_stemmed_words
7,Q0,CACM-1831,48,0.09865730459512939,using_stemmed_words
7,Q0,CACM-2386,49,0.09813196635122302,using_stemmed_words
7,Q0,CACM-2990,50,0.09801772793606799,using_stemmed_words
7,Q0,CACM-0798,51,0.09692641249144045,using_stemmed_words
7,Q0,CACM-0690,52,0.09613911250019024,using_stemmed_words
7,Q0,CACM-1935,53,0.09571132700116687,using_stemmed_words
7,Q0,CACM-0653,54,0.09493428594028483,using_stemmed_words
7,Q0,CACM-2685,55,0.09440469864208217,using_stemmed_words
7,Q0,CACM-2832,56,0.09392019429973505,using_stemmed_words
7,Q0,CACM-0482,57,0.09368903985547025,using_stemmed_words
7,Q0,CACM-1267,58,0.09247886181570629,using_stemmed_words
7,Q0,CACM-2175,59,0.09194400524315414,using_stemmed_words
7,Q0,CACM-0626,60,0.08889435544900252,using_stemmed_words
7,Q0,CACM-2407,61,0.08869808130490171,using_stemmed_words
7,Q0,CACM-2552,62,0.08828658006148478,using_stemmed_words
7,Q0,CACM-0797,63,0.08815049050952613,using_stemmed_words
7,Q0,CACM-1158,64,0.08783143415729129,using_stemmed_words
7,Q0,CACM-3012,65,0.08777965744407981,using_stemmed_words
7,Q0,CACM-0950,66,0.08756148484123223,using_stemmed_words
7,Q0,CACM-1788,67,0.08713786810525535,using_stemmed_words
7,Q0,CACM-1251,68,0.0866512595812762,using_stemmed_words
7,Q0,CACM-2781,69,0.08602564476502196,using_stemmed_words
7,Q0,CACM-2497,70,0.08467477771391918,using_stemmed_words
7,Q0,CACM-1745,71,0.0842905957056002,using_stemmed_words
7,Q0,CACM-2785,72,0.08326327632098574,using_stemmed_words
7,Q0,CACM-2852,73,0.08312870892580927,using_stemmed_words
7,Q0,CACM-2516,74,0.08303341922212815,using_stemmed_words
7,Q0,CACM-1516,75,0.0825762374587977,using_stemmed_words
7,Q0,CACM-0249,76,0.0824822588854306,using_stemmed_words
7,Q0,CACM-0406,77,0.08192235712145952,using_stemmed_words
7,Q0,CACM-2479,78,0.08167114486839254,using_stemmed_words
7,Q0,CACM-1742,79,0.08122839421586313,using_stemmed_words
7,Q0,CACM-2631,80,0.08028945393833031,using_stemmed_words
7,Q0,CACM-0975,81,0.07960409772233425,using_stemmed_words
7,Q0,CACM-1289,82,0.07892222900936761,using_stemmed_words
7,Q0,CACM-1514,83,0.07848402627148494,using_stemmed_words
7,Q0,CACM-0046,84,0.07715276480698686,using_stemmed_words
7,Q0,CACM-1828,85,0.0770193763681484,using_stemmed_words
7,Q0,CACM-2307,86,0.07664493875192684,using_stemmed_words
7,Q0,CACM-2412,87,0.07626006509852723,using_stemmed_words
7,Q0,CACM-2888,88,0.07605563983226225,using_stemmed_words
7,Q0,CACM-1971,89,0.07512653343836588,using_stemmed_words
7,Q0,CACM-2660,90,0.07508799153346107,using_stemmed_words
7,Q0,CACM-1064,91,0.07499500641636017,using_stemmed_words
7,Q0,CACM-1508,92,0.07499500641636017,using_stemmed_words
7,Q0,CACM-2838,93,0.07456419903808767,using_stemmed_words
7,Q0,CACM-1065,94,0.07447869203305757,using_stemmed_words
7,Q0,CACM-1665,95,0.07440584435449399,using_stemmed_words
7,Q0,CACM-1236,96,0.07412170468596482,using_stemmed_words
7,Q0,CACM-2700,97,0.0739880597377202,using_stemmed_words
7,Q0,CACM-0763,98,0.07366721544098193,using_stemmed_words
7,Q0,CACM-2114,99,0.07338112984433418,using_stemmed_words
7,Q0,CACM-1937,100,0.07231925235167394,using_stemmed_words
